<?xml version="1.0" encoding="ISO-8859-1" standalone="yes"?>
<configuration>
   <setup connectArcad="true" useRepository="true"/>
   <servername>hom01</servername>
   <username>srfvrf</username>
   <password>41af4817588e3b55b40cfadfed2d449762ab4b38ddcf</password>
   <ccsid>37</ccsid>
   <languagelibrary>ARCQA_ENG</languagelibrary>
   <ssl>false</ssl>
   <instance>
      <productionlibrary>ARCQA_PRD</productionlibrary>
      <code>QA</code>
      <description/>
      <iASP>1</iASP>
      <iASPDatabase/>
      <languagelibrary>ARCQA_ENG</languagelibrary>
      <languagelibraries>
         <languagelibrary key="ENG" value="ARCQA_ENG"/>
      </languagelibraries>
   </instance>
   <codecoveragepath>/home/ArcadiUnit/ABTEST01/CCReports/</codecoveragepath>
   <repository application="" aspname="*SYSBAS" description="TEST MULTILEVEL DS" environment="" identifier="13" initializationdate="2023-07-21" initialized="true" lastsynchronizationdate="2023-07-21-11.07.44.033000" name="ABTEST01" version="*NONE" versionselected="false">
      <libraries>
         <objectlibraries>
            <objectlibrary name="PKUMAR4" order="1"/>
            <objectlibrary name="PKUMAR4" order="1"/>
            <objectlibrary name="PKUMAR6" order="2"/>
         </objectlibraries>
         <sourcelibraries>
            <sourcelibrary name="PKUMAR4" order="1"/>
            <sourcelibrary name="PKUMAR6" order="2"/>
         </sourcelibraries>
         <executionlibraries/>
      </libraries>
   </repository>
</configuration>
