<?xml version="1.0" encoding="ISO-8859-1" standalone="yes"?>
<configuration>
   <setup connectArcad="true" useRepository="true"/>
   <servername>ARCADDEV</servername>
   <username>AKVERMA</username>
   <password>a16b3545c08df6241313425c496aaa18fecef4769efa</password>
   <iASP>*SYSBAS</iASP>
   <ccsid/>
   <ssl>false</ssl>
   <codecoveragepath>/home/ArcadiUnit/IundemoRep/CCReports/</codecoveragepath>
   <repository application="" aspname="*SYSTEM" description="" environment="" identifier="4" initializationdate="2023-06-12" initialized="true" lastsynchronizationdate="2023-06-12-09.39.48.638000" name="IundemoRep" version="*NONE" versionselected="false">
      <libraries>
         <objectlibraries>
            <objectlibrary name="IUNDEMO1" order="1"/>
            <objectlibrary name="TMP_OBJ" order="2"/>
            <objectlibrary name="AKS_OBJ" order="3"/>
         </objectlibraries>
         <sourcelibraries>
            <sourcelibrary name="IUNDEMO1" order="1"/>
            <sourcelibrary name="TMP_SRC" order="2"/>
            <sourcelibrary name="AKS_SRC" order="3"/>
         </sourcelibraries>
         <executionlibraries>
            <executionlibrary name="IUNDEMO1" order="1"/>
            <executionlibrary name="TMP_SRC" order="2"/>
            <executionlibrary name="AKS_SRC" order="3"/>
            <executionlibrary name="TMP_OBJ" order="4"/>
            <executionlibrary name="AKS_OBJ" order="5"/>
         </executionlibraries>
      </libraries>
   </repository>
</configuration>